{
  "breakpoint": 828.1,
  "low_regime": {
    "per_diem": 56,
    "mileage": 0.52,
    "receipt_rate": 0.51,
    "intercept": 32.49
  },
  "high_regime": {
    "per_diem": 43,
    "mileage": 0.39,
    "receipt_rate": 0.08,
    "intercept": 907.66
  },
  "caps": {
    "1": 1475.4,
    "2": 1549.54,
    "3": 1587.8,
    "4": 1699.56,
    "5": 1810.37,
    "6": 1972.88,
    "7": 1921.16,
    "8": 1897.19,
    "9": 1945.95,
    "10": 2013.21
  },
  "total_error": 108959.77560000001,
  "avg_error": 108.95977560000001
}