{
  "base_per_diem": 56.9220949247676,
  "base_mileage": 0.48480817622291217,
  "base_receipt_rate": 0.18816214013854246,
  "base_intercept": 115.52686640010762,
  "caps": {
    "1": 1465.9,
    "2": 1543.17,
    "3": 1539.47,
    "4": 1695.08,
    "5": 1791.96,
    "6": 1897.87,
    "7": 2032.23,
    "8": 1897.19,
    "9": 1894.85,
    "10": 1889.87,
    "11": 1988.56,
    "12": 1883.21,
    "13": 2015.18,
    "14": 2079.14
  },
  "mae": 345.2193591524066
}