{
  "k": 6,
  "scaler_params": {
    "mean": [
      7.043,
      597.41374,
      1211.0568699999997
    ],
    "scale": [
      3.92417519996241,
      351.12409596610223,
      742.4826603738987
    ]
  },
  "centroids": [
    [
      0.9299553425501106,
      -0.8919746827423659,
      -0.5850918102617891
    ],
    [
      -0.8568538031830621,
      0.8515788991592812,
      0.8064223183768539
    ],
    [
      -0.2126222362556118,
      -0.8975936576371,
      1.0825186557677955
    ],
    [
      -0.9262369265180056,
      -0.9463538650378555,
      -0.9044135343218124
    ],
    [
      1.0776264198997483,
      0.6996039328649593,
      0.7681834947964608
    ],
    [
      -0.23215586923266188,
      0.8365342320972593,
      -0.8744694354420024
    ]
  ],
  "cluster_models": {
    "0": {
      "coefficients": [
        48,
        0.43,
        0.755,
        18.13
      ],
      "size": 