{
  "coefficients": [
    47.96443985379499,
    0.439339759780868,
    0.5281023229903782,
    0.19022218451288328,
    1.311976170298095,
    0.08855251692495118,
    -0.12266908593947101,
    165.7404092282064
  ],
  "ranges": [
    [
      0,
      100
    ],
    [
      100,
      500
    ],
    [
      500,
      1000
    ],
    [
      1000,
      2000
    ],
    [
      2000,
      null
    ]
  ],
  "mae": 105.84345584808534
}